{
  "project_info": {
    "project_number": "983312078573",
    "firebase_url": "https://water-aaf39.firebaseio.com",
    "project_id": "water-aaf39",
    "storage_bucket": "water-aaf39.appspot.com"
  },
  "client": [
    {
      "client_info": {
        "mobilesdk_app_id": "1:983312078573:android:09c6c1bc61a10641",
        "android_client_info": {
          "package_name": "com.example.xander.watermeter"
        }
      },
      "oauth_client": [
        {
          "client_id": "983312078573-1t33876rncpb7j83bk2vnt5urkd6e59m.apps.googleusercontent.com",
          "client_type": 1,
          "android_info": {
            "package_name": "com.example.xander.watermeter",
            "certificate_hash": "761246c6ed30df1b9a74d93740d161519ba25bfe"
          }
        },
        {
          "client_id": "983312078573-8ccabari70kc0tktmb4hqoib1jmm5llo.apps.googleusercontent.com",
          "client_type": 3
        }
      ],
      "api_key": [
        {
          "current_key": "AIzaSyCyqOxHpd7iwOSZ_69j1WZZGMGMfBo3rsA"
        }
      ],
      "services": {
        "analytics_service": {
          "status": 1
        },
        "appinvite_service": {
          "status": 2,
          "other_platform_oauth_client": [
            {
              "client_id": "983312078573-8ccabari70kc0tktmb4hqoib1jmm5llo.apps.googleusercontent.com",
              "client_type": 3
            }
          ]
        },
        "ads_service": {
          "status": 2
        }
      }
    }
  ],
  "configuration_version": "1"
}